Country_code_9_digit,Country_code,Country_name,PCON_CODE,PCON_NAME,Cden_15,KS4_LEVEL2_15,KS4_LEVEL2_EM_15,KS4_LEVEL1_15,KS4_LEVEL1_EM_15,KS4_L2BASICS_15,KS4_EBACC_E_15,KS4_EBACC_15
E92000001,921,England,E14000530,Aldershot,712,392,304,658,639,316,294,149
E92000001,921,England,E14000531,Aldridge-Brownhills,1201,772,650,1149,1112,668,376,222
E92000001,921,England,E14000532,Altrincham and Sale West,1506,1281,1180,1475,1463,1186,884,702
E92000001,921,England,E14000533,Amber Valley,961,511,454,886,851,484,237,120
E92000001,921,England,E14000534,Arundel and South Downs,1126,781,696,1083,1049,718,552,352
E92000001,921,England,E14000535,Ashfield,1080,647,558,1017,998,594,340,189
E92000001,921,England,E14000536,Ashford,1280,750,675,1223,1178,714,518,339
E92000001,921,England,E14000537,Ashton-under-Lyne,1123,698,600,998,958,618,383,253
E92000001,921,England,E14000538,Aylesbury,1337,919,857,1249,1222,892,574,470
E92000001,921,England,E14000539,Banbury,1156,723,647,1085,1035,683,255,179
E92000001,921,England,E14000540,Barking,1048,720,587,1018,985,600,372,225
E92000001,921,England,E14000541,Barnsley Central,519,269,222,443,430,239,86,50
E92000001,921,England,E14000542,Barnsley East,919,478,405,844,808,431,199,98
E92000001,921,England,E14000543,Barrow and Furness,980,654,543,917,904,555,218,132
E92000001,921,England,E14000544,Basildon and Billericay,856,581,486,812,796,497,408,279
E92000001,921,England,E14000545,Basingstoke,1341,753,659,1236,1191,710,475,259
E92000001,921,England,E14000546,Bassetlaw,911,631,588,879,860,614,273,176
E92000001,921,England,E14000547,Bath,928,623,555,860,834,584,495,323
E92000001,921,England,E14000548,Batley and Spen,1052,765,651,1027,1011,665,333,243
E92000001,921,England,E14000549,Battersea,135,117,90,x,126,92,36,28
E92000001,921,England,E14000550,Beaconsfield,1040,757,705,971,963,728,470,387
E92000001,921,England,E14000551,Beckenham,1205,946,854,1142,1135,869,605,410
E92000001,921,England,E14000552,Bedford,953,564,437,902,895,455,261,116
E92000001,921,England,E14000553,Bermondsey and Old Southwark,1236,857,739,1176,1148,764,627,358
E92000001,921,England,E14000554,Berwick-upon-Tweed,570,345,288,550,544,304,180,111
E92000001,921,England,E14000555,Bethnal Green and Bow,1495,1147,1012,1449,1414,1041,772,478
E92000001,921,England,E14000556,Beverley and Holderness,1191,769,616,1151,1117,632,343,208
E92000001,921,England,E14000557,Bexhill and Battle,1052,729,646,1012,991,663,623,343
E92000001,921,England,E14000558,Bexleyheath and Crayford,1477,1058,678,1428,1156,693,404,309
E92000001,921,England,E14000559,Birkenhead,680,484,404,612,596,409,288,193
E92000001,921,England,E14000560,"Birmingham, Edgbaston",1190,761,653,1115,1068,669,499,370
E92000001,921,England,E14000561,"Birmingham, Erdington",760,366,288,690,640,316,203,62
E92000001,921,England,E14000562,"Birmingham, Hall Green",854,618,528,817,800,543,289,215
E92000001,921,England,E14000563,"Birmingham, Hodge Hill",1335,739,601,1213,1161,629,474,256
E92000001,921,England,E14000564,"Birmingham, Ladywood",1946,1336,1094,1887,1840,1127,678,357
E92000001,921,England,E14000565,"Birmingham, Northfield",919,565,482,864,826,506,280,146
E92000001,921,England,E14000566,"Birmingham, Perry Barr",1223,760,608,1131,1107,633,442,288
E92000001,921,England,E14000567,"Birmingham, Selly Oak",1551,1044,901,1423,1369,925,545,373
E92000001,921,England,E14000568,"Birmingham, Yardley",1205,729,597,1180,1137,616,461,251
E92000001,921,England,E14000569,Bishop Auckland,945,601,468,874,837,489,350,218
E92000001,921,England,E14000570,Blackburn,1426,982,853,1363,1338,883,508,336
E92000001,921,England,E14000571,Blackley and Broughton,1314,741,597,1151,1084,612,352,240
E92000001,921,England,E14000572,Blackpool North and Cleveleys,816,443,391,761,724,416,242,100
E92000001,921,England,E14000573,Blackpool South,606,270,205,543,506,218,83,50
E92000001,921,England,E14000574,Blaydon,1098,763,650,1044,1017,668,424,268
E92000001,921,England,E14000575,Blyth Valley,830,490,443,767,746,476,255,142
E92000001,921,England,E14000576,Bognor Regis and Littlehampton,752,432,352,701,680,364,214,102
E92000001,921,England,E14000577,Bolsover,813,472,371,764,731,399,205,119
E92000001,921,England,E14000578,Bolton North East,1030,714,615,975,953,624,419,252
E92000001,921,England,E14000579,Bolton South East,1214,802,687,1148,1119,718,414,258
E92000001,921,England,E14000580,Bolton West,806,521,450,732,706,464,307,169
E92000001,921,England,E14000581,Bootle,822,479,356,752,714,368,324,137
E92000001,921,England,E14000582,Boston and Skegness,995,509,431,919,900,465,333,134
E92000001,921,England,E14000583,Bosworth,1261,777,690,1183,1169,725,255,167
E92000001,921,England,E14000584,Bournemouth East,1050,770,700,990,972,716,557,373
E92000001,921,England,E14000585,Bournemouth West,715,383,319,636,620,346,82,29
E92000001,921,England,E14000586,Bracknell,1101,776,651,1078,1058,684,359,242
E92000001,921,England,E14000587,Bradford East,1409,779,625,1321,1243,656,342,201
E92000001,921,England,E14000588,Bradford South,1194,542,466,1028,981,492,236,103
E92000001,921,England,E14000589,Bradford West,1360,703,576,1247,1159,611,458,227
E92000001,921,England,E14000590,Braintree,967,616,515,931,892,533,392,213
E92000001,921,England,E14000591,Brent Central,702,409,330,623,592,342,252,151
E92000001,921,England,E14000592,Brent North,2104,1580,1360,2014,1987,1380,1217,839
E92000001,921,England,E14000593,Brentford and Isleworth,1433,1118,994,1400,1367,1017,769,530
E92000001,921,England,E14000594,Brentwood and Ongar,1145,846,738,1080,1063,766,544,323
E92000001,921,England,E14000595,Bridgwater and West Somerset,1011,616,549,968,946,572,250,137
E92000001,921,England,E14000596,Brigg and Goole,992,660,596,929,921,636,349,230
E92000001,921,England,E14000597,"Brighton, Kemptown",510,251,210,458,437,232,59,44
E92000001,921,England,E14000598,"Brighton, Pavilion",820,552,506,769,751,525,324,248
E92000001,921,England,E14000599,Bristol East,558,313,269,512,486,283,124,78
E92000001,921,England,E14000600,Bristol North West,732,443,351,656,627,359,235,152
E92000001,921,England,E14000601,Bristol South,871,462,372,784,763,400,187,96
E92000001,921,England,E14000602,Bristol West,952,757,691,925,908,708,418,321
E92000001,921,England,E14000603,Broadland,853,588,506,827,823,517,358,228
E92000001,921,England,E14000604,Bromley and Chislehurst,1040,724,654,987,958,691,399,249
E92000001,921,England,E14000605,Bromsgrove,1251,955,837,1174,1155,849,542,409
E92000001,921,England,E14000606,Broxbourne,1093,735,626,1061,1019,656,549,306
E92000001,921,England,E14000607,Broxtowe,838,524,461,782,768,486,332,222
E92000001,921,England,E14000608,Buckingham,880,660,595,835,820,617,308,255
E92000001,921,England,E14000609,Burnley,933,501,414,834,784,440,321,147
E92000001,921,England,E14000610,Burton,1241,794,686,1189,1170,719,446,235
E92000001,921,England,E14000611,Bury North,1210,840,702,1185,1156,721,562,341
E92000001,921,England,E14000612,Bury South,904,613,468,865,847,489,386,238
E92000001,921,England,E14000613,Bury St Edmunds,1503,1024,887,1403,1382,910,457,298
E92000001,921,England,E14000614,Calder Valley,1571,1108,934,1511,1487,960,361,257
E92000001,921,England,E14000615,Camberwell and Peckham,851,647,566,810,790,577,481,297
E92000001,921,England,E14000616,Camborne and Redruth,715,476,425,698,686,450,282,162
E92000001,921,England,E14000617,Cambridge,630,452,411,605,597,428,303,233
E92000001,921,England,E14000618,Cannock Chase,1003,570,467,928,894,481,307,141
E92000001,921,England,E14000619,Canterbury,1291,827,723,1174,1135,748,627,432
E92000001,921,England,E14000620,Carlisle,752,446,392,697,678,405,252,154
E92000001,921,England,E14000621,Carshalton and Wallington,1413,1139,1016,1351,1335,1028,803,662
E92000001,921,England,E14000622,Castle Point,1163,729,650,1084,1059,700,451,257
E92000001,921,England,E14000623,Central Devon,760,511,449,734,724,473,443,252
E92000001,921,England,E14000624,Central Suffolk and North Ipswich,1243,898,790,1203,1180,809,466,306
E92000001,921,England,E14000625,Charnwood,961,616,504,914,899,526,220,118
E92000001,921,England,E14000626,Chatham and Aylesford,1258,696,581,1137,1105,616,323,165
E92000001,921,England,E14000627,Cheadle,1357,1105,933,1321,1310,940,799,523
E92000001,921,England,E14000628,Chelmsford,1194,927,871,1135,1119,901,375,277
E92000001,921,England,E14000629,Chelsea and Fulham,843,661,579,822,806,584,473,332
E92000001,921,England,E14000630,Cheltenham,856,618,534,813,801,544,358,282
E92000001,921,England,E14000631,Chesham and Amersham,1439,1126,1002,1353,1339,1019,472,389
E92000001,921,England,E14000632,Chesterfield,1019,689,624,969,957,657,386,240
E92000001,921,England,E14000633,Chichester,1030,703,630,965,950,656,365,230
E92000001,921,England,E14000634,Chingford and Woodford Green,1072,830,737,1050,1026,755,523,361
E92000001,921,England,E14000635,Chippenham,1218,908,779,1151,1131,798,410,290
E92000001,921,England,E14000636,Chipping Barnet,1376,1107,1002,1347,1329,1016,880,641
E92000001,921,England,E14000637,Chorley,1170,854,709,1107,1077,722,424,286
E92000001,921,England,E14000638,Christchurch,807,554,494,786,770,532,296,160
E92000001,921,England,E14000639,Cities of London and Westminster,603,505,425,595,582,431,412,275
E92000001,921,England,E14000640,City of Chester,1012,692,562,972,946,581,384,265
E92000001,921,England,E14000641,City of Durham,936,601,533,874,848,559,548,316
E92000001,921,England,E14000642,Clacton,930,515,405,842,820,432,113,82
E92000001,921,England,E14000643,Cleethorpes,1250,861,759,1207,1192,788,582,361
E92000001,921,England,E14000644,Colchester,1389,971,875,1328,1301,902,506,373
E92000001,921,England,E14000645,Colne Valley,1347,937,831,1307,1274,864,354,239
E92000001,921,England,E14000646,Congleton,1330,1022,886,1294,1281,901,446,335
E92000001,921,England,E14000647,Copeland,817,523,442,777,766,455,351,185
E92000001,921,England,E14000648,Corby,1273,786,679,1196,1156,719,522,273
E92000001,921,England,E14000649,Coventry North East,1080,616,517,1030,983,541,310,144
E92000001,921,England,E14000650,Coventry North West,1100,665,509,1045,932,572,216,109
E92000001,921,England,E14000651,Coventry South,1204,806,708,1114,1089,736,577,332
E92000001,921,England,E14000652,Crawley,1257,801,648,1166,1136,681,396,271
E92000001,921,England,E14000653,Crewe and Nantwich,1090,673,596,1033,1014,627,375,200
E92000001,921,England,E14000654,Croydon Central,1227,779,642,1165,1119,684,517,305
E92000001,921,England,E14000655,Croydon North,1340,949,821,1266,1213,839,705,392
E92000001,921,England,E14000656,Croydon South,1080,810,710,1049,1032,734,443,283
E92000001,921,England,E14000657,Dagenham and Rainham,1462,910,749,1397,1353,788,421,257
E92000001,921,England,E14000658,Darlington,1051,630,528,976,936,559,358,192
E92000001,921,England,E14000659,Dartford,1404,1048,952,1341,1305,983,778,524
E92000001,921,England,E14000660,Daventry,1032,630,542,996,965,563,543,282
E92000001,921,England,E14000661,Denton and Reddish,915,570,484,857,831,509,311,176
E92000001,921,England,E14000662,Derby North,1352,717,608,1241,1200,654,405,221
E92000001,921,England,E14000663,Derby South,1100,559,452,994,963,488,263,146
E92000001,921,England,E14000664,Derbyshire Dales,827,605,560,805,790,582,379,259
E92000001,921,England,E14000665,Devizes,941,592,498,874,862,511,403,215
E92000001,921,England,E14000666,Dewsbury,1470,845,734,1378,1333,772,666,316
E92000001,921,England,E14000667,Don Valley,1223,773,649,1152,1128,672,486,266
E92000001,921,England,E14000668,Doncaster Central,1069,575,480,975,945,518,162,81
E92000001,921,England,E14000669,Doncaster North,967,582,502,904,888,533,207,107
E92000001,921,England,E14000670,Dover,960,572,492,882,852,514,207,147
E92000001,921,England,E14000671,Dudley North,1048,625,545,993,960,574,296,150
E92000001,921,England,E14000672,Dudley South,880,530,457,829,790,478,228,138
E92000001,921,England,E14000673,Dulwich and West Norwood,872,594,496,835,803,507,426,250
E92000001,921,England,E14000674,Ealing Central and Acton,607,444,411,582,574,423,284,221
E92000001,921,England,E14000675,Ealing North,1379,947,842,1288,1271,862,823,480
E92000001,921,England,E14000676,"Ealing, Southall",832,574,498,793,777,512,312,212
E92000001,921,England,E14000677,Easington,869,579,497,812,798,505,307,164
E92000001,921,England,E14000678,East Devon,1175,849,770,1097,1076,802,418,272
E92000001,921,England,E14000679,East Ham,1409,1059,884,1360,1322,896,783,519
E92000001,921,England,E14000680,East Hampshire,976,679,604,918,904,632,434,261
E92000001,921,England,E14000681,East Surrey,982,642,507,924,910,522,392,216
E92000001,921,England,E14000682,East Worthing and Shoreham,1084,746,626,1049,1014,641,405,252
E92000001,921,England,E14000683,East Yorkshire,956,609,531,919,887,552,236,162
E92000001,921,England,E14000684,Eastbourne,1189,748,656,1083,1049,685,362,261
E92000001,921,England,E14000685,Eastleigh,1050,731,642,1004,968,656,386,236
E92000001,921,England,E14000686,Eddisbury,546,367,289,497,441,307,213,148
E92000001,921,England,E14000687,Edmonton,1017,639,531,940,870,545,370,273
E92000001,921,England,E14000688,Ellesmere Port and Neston,881,554,452,832,818,481,291,182
E92000001,921,England,E14000689,Elmet and Rothwell,1132,796,701,1055,1036,722,524,317
E92000001,921,England,E14000690,Eltham,1024,713,594,998,959,600,427,241
E92000001,921,England,E14000691,Enfield North,1794,1132,931,1707,1607,966,971,472
E92000001,921,England,E14000692,"Enfield, Southgate",847,614,532,822,781,550,479,280
E92000001,921,England,E14000693,Epping Forest,1016,703,593,965,941,609,397,282
E92000001,921,England,E14000694,Epsom and Ewell,1459,1189,1087,1431,1409,1109,788,543
E92000001,921,England,E14000695,Erewash,1089,668,601,1016,1000,640,310,187
E92000001,921,England,E14000696,Erith and Thamesmead,1179,761,658,1073,1037,689,537,241
E92000001,921,England,E14000697,Esher and Walton,626,403,351,597,588,364,389,225
E92000001,921,England,E14000698,Exeter,692,396,340,644,631,355,298,109
E92000001,921,England,E14000699,Fareham,1061,757,653,1010,948,669,498,257
E92000001,921,England,E14000700,Faversham and Mid Kent,604,374,340,586,575,359,383,160
E92000001,921,England,E14000701,Feltham and Heston,1170,848,702,1112,1087,723,622,390
E92000001,921,England,E14000702,Filton and Bradley Stoke,1042,637,532,993,969,560,326,170
E92000001,921,England,E14000703,Finchley and Golders Green,1124,908,807,1063,1041,822,635,528
E92000001,921,England,E14000704,Folkestone and Hythe,1058,629,535,935,907,551,328,177
E92000001,921,England,E14000705,Forest of Dean,912,562,454,847,784,469,208,112
E92000001,921,England,E14000706,Fylde,629,454,381,606,600,389,195,128
E92000001,921,England,E14000707,Gainsborough,1078,751,628,1034,985,648,594,368
E92000001,921,England,E14000708,Garston and Halewood,961,464,354,859,836,376,312,127
E92000001,921,England,E14000709,Gateshead,757,517,445,676,652,459,321,226
E92000001,921,England,E14000710,Gedling,1212,799,703,1148,1124,747,456,293
E92000001,921,England,E14000711,Gillingham and Rainham,1123,691,567,1073,1022,583,378,222
E92000001,921,England,E14000712,Gloucester,1464,1060,921,1408,1368,946,584,478
E92000001,921,England,E14000713,Gosport,1061,624,552,958,938,568,353,234
E92000001,921,England,E14000714,Grantham and Stamford,1261,932,837,1190,1171,860,510,405
E92000001,921,England,E14000715,Gravesham,1204,799,730,1136,1114,771,484,296
E92000001,921,England,E14000716,Great Grimsby,704,315,261,626,598,270,176,68
E92000001,921,England,E14000717,Great Yarmouth,1026,622,516,963,935,529,399,173
E92000001,921,England,E14000718,Greenwich and Woolwich,673,419,321,614,600,334,296,177
E92000001,921,England,E14000719,Guildford,1028,794,711,981,964,730,449,346
E92000001,921,England,E14000720,Hackney North and Stoke Newington,978,668,572,911,863,592,485,311
E92000001,921,England,E14000721,Hackney South and Shoreditch,1003,712,624,951,924,634,518,325
E92000001,921,England,E14000722,Halesowen and Rowley Regis,1142,725,616,1080,1041,652,411,220
E92000001,921,England,E14000723,Halifax,1013,716,662,958,932,686,487,372
E92000001,921,England,E14000724,Haltemprice and Howden,964,700,596,918,904,610,439,303
E92000001,921,England,E14000725,Halton,1314,897,742,1224,1201,762,652,365
E92000001,921,England,E14000726,Hammersmith,542,357,290,476,457,295,262,161
E92000001,921,England,E14000727,Hampstead and Kilburn,437,273,229,403,387,236,162,74
E92000001,921,England,E14000728,Harborough,1427,1003,878,1372,1363,924,440,282
E92000001,921,England,E14000729,Harlow,896,559,486,851,834,512,299,154
E92000001,921,England,E14000730,Harrogate and Knaresborough,1436,1101,1015,1376,1364,1060,875,582
E92000001,921,England,E14000731,Harrow East,944,695,606,910,888,623,545,344
E92000001,921,England,E14000732,Harrow West,872,663,529,852,827,533,454,256
E92000001,921,England,E14000733,Hartlepool,1095,697,585,1029,994,611,332,204
E92000001,921,England,E14000734,Harwich and North Essex,621,373,308,563,549,323,142,85
E92000001,921,England,E14000735,Hastings and Rye,1019,613,492,933,884,506,276,120
E92000001,921,England,E14000736,Havant,1072,618,553,1000,968,585,339,187
E92000001,921,England,E14000737,Hayes and Harlington,678,440,357,643,615,364,315,174
E92000001,921,England,E14000738,Hazel Grove,643,422,329,584,530,334,267,168
E92000001,921,England,E14000739,Hemel Hempstead,1131,739,624,1075,1056,637,485,277
E92000001,921,England,E14000740,Hemsworth,1570,1019,879,1487,1454,918,548,393
E92000001,921,England,E14000741,Hendon,1077,779,699,1025,1010,711,607,386
E92000001,921,England,E14000742,Henley,1001,704,599,962,939,621,440,272
E92000001,921,England,E14000743,Hereford and South Herefordshire,1129,705,612,1036,998,650,399,254
E92000001,921,England,E14000744,Hertford and Stortford,1733,1371,1261,1673,1661,1292,902,698
E92000001,921,England,E14000745,Hertsmere,1346,1009,901,1307,1286,919,532,385
E92000001,921,England,E14000746,Hexham,888,664,583,868,858,602,408,280
E92000001,921,England,E14000747,Heywood and Middleton,959,589,410,905,728,425,228,136
E92000001,921,England,E14000748,High Peak,998,700,521,966,862,533,188,147
E92000001,921,England,E14000749,Hitchin and Harpenden,1077,904,839,1048,1043,851,604,462
E92000001,921,England,E14000750,Holborn and St Pancras,1188,827,688,1148,1113,705,530,361
E92000001,921,England,E14000751,Hornchurch and Upminster,1616,1156,1024,1540,1510,1055,871,487
E92000001,921,England,E14000752,Hornsey and Wood Green,1467,1021,872,1384,1353,904,642,440
E92000001,921,England,E14000753,Horsham,1007,802,729,965,958,748,530,375
E92000001,921,England,E14000754,Houghton and Sunderland South,846,429,360,772,747,398,234,109
E92000001,921,England,E14000755,Hove,1063,778,702,1016,1001,718,472,346
E92000001,921,England,E14000756,Huddersfield,736,467,400,685,665,413,260,142
E92000001,921,England,E14000757,Huntingdon,1214,756,665,1139,1121,694,460,288
E92000001,921,England,E14000758,Hyndburn,1189,720,608,1092,1064,640,291,159
E92000001,921,England,E14000759,Ilford North,1365,979,836,1283,1258,849,598,465
E92000001,921,England,E14000760,Ilford South,1423,1053,841,1367,1327,852,510,355
E92000001,921,England,E14000761,Ipswich,1161,653,596,1062,1045,633,398,257
E92000001,921,England,E14000762,Isle of Wight,1371,761,653,1263,1225,701,376,182
E92000001,921,England,E14000763,Islington North,806,514,409,774,741,416,344,189
E92000001,921,England,E14000764,Islington South and Finsbury,548,421,375,526,518,387,300,181
E92000001,921,England,E14000765,Jarrow,835,503,453,787,776,489,296,159
E92000001,921,England,E14000766,Keighley,786,458,383,715,680,405,232,157
E92000001,921,England,E14000767,Kenilworth and Southam,815,661,606,807,784,615,356,291
E92000001,921,England,E14000768,Kensington,463,371,328,442,438,337,291,216
E92000001,921,England,E14000769,Kettering,1138,693,589,1040,1002,618,499,310
E92000001,921,England,E14000770,Kingston and Surbiton,1243,964,862,1193,1164,899,607,457
E92000001,921,England,E14000771,Kingston upon Hull East,971,512,405,918,861,427,211,103
E92000001,921,England,E14000772,Kingston upon Hull North,856,562,504,798,771,522,310,174
E92000001,921,England,E14000773,Kingston upon Hull West and Hessle,757,392,346,687,665,367,226,130
E92000001,921,England,E14000774,Kingswood,1005,623,520,941,925,558,217,125
E92000001,921,England,E14000775,Knowsley,843,358,306,688,662,327,136,65
E92000001,921,England,E14000776,Lancaster and Fleetwood,1092,854,796,1047,1040,821,418,325
E92000001,921,England,E14000777,Leeds Central,915,375,302,743,714,319,90,37
E92000001,921,England,E14000778,Leeds East,859,457,385,754,721,410,273,155
E92000001,921,England,E14000779,Leeds North East,1091,688,639,986,964,671,566,340
E92000001,921,England,E14000780,Leeds North West,605,400,346,577,567,351,339,202
E92000001,921,England,E14000781,Leeds West,796,466,416,718,665,431,321,151
E92000001,921,England,E14000782,Leicester East,1369,845,741,1246,1219,792,616,376
E92000001,921,England,E14000783,Leicester South,1078,656,560,1010,981,580,308,160
E92000001,921,England,E14000784,Leicester West,901,477,386,811,769,401,206,93
E92000001,921,England,E14000785,Leigh,1198,853,708,1169,1133,726,388,246
E92000001,921,England,E14000786,Lewes,864,600,512,803,776,525,330,214
E92000001,921,England,E14000787,Lewisham East,722,418,353,678,653,384,268,87
E92000001,921,England,E14000788,Lewisham West and Penge,811,570,470,767,738,478,302,211
E92000001,921,England,E14000789,"Lewisham, Deptford",725,445,365,682,637,373,252,151
E92000001,921,England,E14000790,Leyton and Wanstead,891,629,514,860,840,522,340,220
E92000001,921,England,E14000791,Lichfield,1144,836,728,1085,1064,749,467,321
E92000001,921,England,E14000792,Lincoln,988,603,509,897,883,534,416,258
E92000001,921,England,E14000793,"Liverpool, Riverside",989,674,596,926,914,621,498,272
E92000001,921,England,E14000794,"Liverpool, Walton",954,476,368,866,831,398,414,184
E92000001,921,England,E14000795,"Liverpool, Wavertree",816,520,472,746,735,500,383,281
E92000001,921,England,E14000796,"Liverpool, West Derby",1275,750,608,1178,1094,640,483,261
E92000001,921,England,E14000797,Loughborough,1203,758,663,1144,1112,700,473,256
E92000001,921,England,E14000798,Louth and Horncastle,1131,709,600,1060,1023,615,502,301
E92000001,921,England,E14000799,Ludlow,927,647,542,911,899,560,384,256
E92000001,921,England,E14000800,Luton North,1490,939,829,1404,1362,866,575,297
E92000001,921,England,E14000801,Luton South,1246,740,630,1180,1122,651,559,297
E92000001,921,England,E14000802,Macclesfield,981,762,661,952,938,669,486,373
E92000001,921,England,E14000803,Maidenhead,1218,890,786,1185,1167,816,595,356
E92000001,921,England,E14000804,Maidstone and The Weald,1769,1283,1213,1656,1623,1247,903,609
E92000001,921,England,E14000805,Makerfield,1269,870,744,1179,1161,764,539,341
E92000001,921,England,E14000806,Maldon,956,647,571,888,875,595,325,201
E92000001,921,England,E14000807,Manchester Central,580,317,258,543,533,273,164,53
E92000001,921,England,E14000808,"Manchester, Gorton",1197,765,598,1093,1055,608,533,307
E92000001,921,England,E14000809,"Manchester, Withington",1110,737,582,1055,1017,599,524,300
E92000001,921,England,E14000810,Mansfield,1204,666,596,1116,1078,623,364,181
E92000001,921,England,E14000811,Meon Valley,690,490,417,663,652,428,199,140
E92000001,921,England,E14000812,Meriden,1452,920,781,1379,1357,812,581,333
E92000001,921,England,E14000813,Mid Bedfordshire,1395,983,844,1354,1336,877,424,277
E92000001,921,England,E14000814,Mid Derbyshire,917,706,648,875,870,668,471,314
E92000001,921,England,E14000815,Mid Dorset and North Poole,1118,791,651,1070,1054,663,405,276
E92000001,921,England,E14000816,Mid Norfolk,1376,971,850,1327,1287,879,548,348
E92000001,921,England,E14000817,Mid Sussex,1390,1025,922,1317,1260,946,851,542
E92000001,921,England,E14000818,Mid Worcestershire,731,482,422,699,687,435,331,200
E92000001,921,England,E14000819,Middlesbrough,1185,726,557,1088,1044,583,238,156
E92000001,921,England,E14000820,Middlesbrough South and East Cleveland,718,430,352,654,642,364,200,126
E92000001,921,England,E14000821,Milton Keynes North,1167,742,646,1114,1097,674,368,229
E92000001,921,England,E14000822,Milton Keynes South,1752,1056,871,1627,1592,912,824,374
E92000001,921,England,E14000823,Mitcham and Morden,455,237,187,393,372,200,61,29
E92000001,921,England,E14000824,Mole Valley,851,610,552,810,786,566,476,312
E92000001,921,England,E14000825,Morecambe and Lunesdale,713,386,338,648,629,355,137,81
E92000001,921,England,E14000826,Morley and Outwood,1359,1055,966,1308,1287,991,540,339
E92000001,921,England,E14000827,New Forest East,876,539,473,814,795,500,298,194
E92000001,921,England,E14000828,New Forest West,849,629,568,829,817,600,369,247
E92000001,921,England,E14000829,Newark,1103,743,623,1061,1026,658,461,269
E92000001,921,England,E14000830,Newbury,1096,796,715,1066,1037,732,579,381
E92000001,921,England,E14000831,Newcastle upon Tyne Central,936,535,500,818,795,546,352,208
E92000001,921,England,E14000832,Newcastle upon Tyne East,760,507,410,716,680,426,253,142
E92000001,921,England,E14000833,Newcastle upon Tyne North,630,421,386,600,592,402,285,221
E92000001,921,England,E14000834,Newcastle-under-Lyme,896,551,479,832,815,500,383,180
E92000001,921,England,E14000835,Newton Abbot,914,554,457,855,774,489,350,164
E92000001,921,England,E14000836,"Normanton, Pontefract and Castleford",1038,701,588,985,964,606,277,164
E92000001,921,England,E14000837,North Cornwall,973,618,536,911,884,555,406,219
E92000001,921,England,E14000838,North Devon,1091,701,598,1047,1037,620,522,256
E92000001,921,England,E14000839,North Dorset,1064,736,622,1026,1012,642,462,284
E92000001,921,England,E14000840,North Durham,819,520,429,756,741,461,269,162
E92000001,921,England,E14000841,North East Bedfordshire,1105,769,655,1053,1043,674,451,278
E92000001,921,England,E14000842,North East Cambridgeshire,897,496,428,826,801,458,286,143
E92000001,921,England,E14000843,North East Derbyshire,1055,701,629,1014,1004,658,315,225
E92000001,921,England,E14000844,North East Hampshire,1058,834,729,1046,1029,750,522,342
E92000001,921,England,E14000845,North East Hertfordshire,907,615,513,878,851,534,449,252
E92000001,921,England,E14000846,North East Somerset,1099,811,719,1050,1042,745,598,352
E92000001,921,England,E14000847,North Herefordshire,732,503,458,721,712,474,374,215
E92000001,921,England,E14000848,North Norfolk,694,432,374,649,638,394,304,152
E92000001,921,England,E14000849,North Shropshire,1035,658,548,1009,984,573,467,256
E92000001,921,England,E14000850,North Somerset,1128,820,723,1096,1087,753,472,307
E92000001,921,England,E14000851,North Swindon,990,591,508,913,881,531,308,181
E92000001,921,England,E14000852,North Thanet,680,343,265,626,614,285,148,52
E92000001,921,England,E14000853,North Tyneside,833,540,450,795,770,476,236,128
E92000001,921,England,E14000854,North Warwickshire,961,613,517,916,908,537,271,175
E92000001,921,England,E14000855,North West Cambridgeshire,1364,826,732,1295,1262,800,533,327
E92000001,921,England,E14000856,North West Durham,739,482,418,692,687,438,247,159
E92000001,921,England,E14000857,North West Hampshire,996,662,574,925,902,602,318,214
E92000001,921,England,E14000858,North West Leicestershire,924,611,483,875,863,495,369,211
E92000001,921,England,E14000859,North West Norfolk,824,459,408,763,745,439,193,98
E92000001,921,England,E14000860,North Wiltshire,1020,683,596,960,949,628,405,255
E92000001,921,England,E14000861,Northampton North,1337,672,565,1188,1124,593,459,211
E92000001,921,England,E14000862,Northampton South,437,304,282,429,417,300,257,128
E92000001,921,England,E14000863,Norwich North,1040,680,562,991,954,582,199,128
E92000001,921,England,E14000864,Norwich South,730,423,354,663,630,371,210,124
E92000001,921,England,E14000865,Nottingham East,557,252,227,485,463,253,207,64
E92000001,921,England,E14000866,Nottingham North,823,293,241,685,654,275,137,67
E92000001,921,England,E14000867,Nottingham South,927,579,504,856,838,517,432,230
E92000001,921,England,E14000868,Nuneaton,1140,672,583,1070,1029,601,420,242
E92000001,921,England,E14000869,Old Bexley and Sidcup,1111,887,813,1084,1071,831,486,344
E92000001,921,England,E14000870,Oldham East and Saddleworth,1190,800,702,1124,1099,725,384,236
E92000001,921,England,E14000871,Oldham West and Royton,1439,798,658,1292,1224,685,278,136
E92000001,921,England,E14000872,Orpington,899,674,637,867,853,650,509,413
E92000001,921,England,E14000873,Oxford East,744,425,379,671,647,402,261,141
E92000001,921,England,E14000874,Oxford West and Abingdon,964,667,593,917,903,604,354,282
E92000001,921,England,E14000875,Pendle,901,504,422,834,816,444,192,100
E92000001,921,England,E14000876,Penistone and Stocksbridge,1178,844,714,1158,1138,733,452,304
E92000001,921,England,E14000877,Penrith and The Border,1008,717,639,967,962,676,460,310
E92000001,921,England,E14000878,Peterborough,1311,703,588,1192,1155,635,395,248
E92000001,921,England,E14000879,"Plymouth, Moor View",1042,531,429,922,887,456,313,133
E92000001,921,England,E14000880,"Plymouth, Sutton and Devonport",898,630,584,876,857,600,386,254
E92000001,921,England,E14000881,Poole,754,562,513,741,705,523,337,248
E92000001,921,England,E14000882,Poplar and Limehouse,937,642,564,901,875,589,360,252
E92000001,921,England,E14000883,Portsmouth North,1043,576,506,908,872,531,378,208
E92000001,921,England,E14000884,Portsmouth South,661,422,358,617,597,365,236,128
E92000001,921,England,E14000885,Preston,403,216,195,x,355,215,92,69
E92000001,921,England,E14000886,Pudsey,1450,1035,903,1396,1372,939,630,443
E92000001,921,England,E14000887,Putney,730,456,374,678,658,395,282,147
E92000001,921,England,E14000888,Rayleigh and Wickford,1539,1039,922,1467,1438,980,481,308
E92000001,921,England,E14000889,Reading East,786,586,549,748,731,564,367,292
E92000001,921,England,E14000890,Reading West,1168,704,578,1115,1078,601,338,207
E92000001,921,England,E14000891,Redcar,1176,745,650,1112,1063,685,279,166
E92000001,921,England,E14000892,Redditch,808,500,431,747,729,449,190,125
E92000001,921,England,E14000893,Reigate,837,581,514,785,771,524,294,202
E92000001,921,England,E14000894,Ribble Valley,1365,1001,872,1333,1313,901,451,337
E92000001,921,England,E14000895,Richmond (Yorks),1106,810,676,1065,1057,693,441,310
E92000001,921,England,E14000896,Richmond Park,747,633,572,735,716,576,484,390
E92000001,921,England,E14000897,Rochdale,1391,866,728,1292,1242,755,402,253
E92000001,921,England,E14000898,Rochester and Strood,1106,847,771,1053,1036,784,517,431
E92000001,921,England,E14000899,Rochford and Southend East,922,598,529,877,862,554,268,202
E92000001,921,England,E14000900,Romford,1072,666,563,1016,999,589,308,164
E92000001,921,England,E14000901,Romsey and Southampton North,903,649,580,849,833,606,430,276
E92000001,921,England,E14000902,Rossendale and Darwen,911,542,495,853,829,520,296,206
E92000001,921,England,E14000903,Rother Valley,1260,905,803,1183,1172,844,462,264
E92000001,921,England,E14000904,Rotherham,1205,732,590,1111,1034,613,240,143
E92000001,921,England,E14000905,Rugby,1073,731,624,1015,957,645,427,334
E92000001,921,England,E14000906,"Ruislip, Northwood and Pinner",1367,1020,860,1336,1320,881,527,365
E92000001,921,England,E14000907,Runnymede and Weybridge,1109,828,759,1052,1046,781,598,404
E92000001,921,England,E14000908,Rushcliffe,1194,907,817,1163,1147,842,584,402
E92000001,921,England,E14000909,Rutland and Melton,1004,752,660,958,955,677,362,253
E92000001,921,England,E14000910,Saffron Walden,1109,808,726,1066,1045,745,524,366
E92000001,921,England,E14000911,Salford and Eccles,1238,740,592,1137,1079,616,453,211
E92000001,921,England,E14000912,Salisbury,917,681,612,878,849,627,347,249
E92000001,921,England,E14000913,Scarborough and Whitby,943,545,458,847,829,487,250,152
E92000001,921,England,E14000914,Scunthorpe,1019,603,548,949,937,587,311,160
E92000001,921,England,E14000915,Sedgefield,931,648,564,887,875,592,301,216
E92000001,921,England,E14000916,Sefton Central,1488,1066,874,1410,1375,907,555,369
E92000001,921,England,E14000917,Selby and Ainsty,919,618,538,890,865,557,295,180
E92000001,921,England,E14000918,Sevenoaks,421,229,172,377,352,181,32,20
E92000001,921,England,E14000919,Sheffield Central,489,342,296,469,459,303,242,128
E92000001,921,England,E14000920,Sheffield South East,860,556,467,828,811,477,232,132
E92000001,921,England,E14000921,"Sheffield, Brightside and Hillsborough",1003,505,398,854,809,420,230,109
E92000001,921,England,E14000922,"Sheffield, Hallam",1482,1105,969,1425,1400,994,749,507
E92000001,921,England,E14000923,"Sheffield, Heeley",936,517,447,817,800,462,428,200
E92000001,921,England,E14000924,Sherwood,963,611,464,926,853,476,277,156
E92000001,921,England,E14000925,Shipley,1134,729,629,1041,1014,647,489,332
E92000001,921,England,E14000926,Shrewsbury and Atcham,879,588,518,812,796,531,243,188
E92000001,921,England,E14000927,Sittingbourne and Sheppey,1252,731,651,1154,1107,701,447,276
E92000001,921,England,E14000928,Skipton and Ripon,1026,787,716,992,980,731,417,349
E92000001,921,England,E14000929,Sleaford and North Hykeham,1409,1038,903,1376,1346,927,710,475
E92000001,921,England,E14000930,Slough,1610,1217,1110,1584,1544,1138,523,393
E92000001,921,England,E14000931,Solihull,1611,1245,1080,1579,1544,1112,780,562
E92000001,921,England,E14000932,Somerton and Frome,806,573,508,771,755,517,381,226
E92000001,921,England,E14000933,South Basildon and East Thurrock,1159,684,531,1074,1031,550,417,208
E92000001,921,England,E14000934,South Cambridgeshire,1329,985,900,1255,1245,930,721,466
E92000001,921,England,E14000935,South Derbyshire,840,505,421,787,773,440,156,92
E92000001,921,England,E14000936,South Dorset,476,274,209,433,418,223,175,88
E92000001,921,England,E14000937,South East Cambridgeshire,1305,891,778,1212,1192,794,666,426
E92000001,921,England,E14000938,South East Cornwall,865,551,456,834,776,478,275,151
E92000001,921,England,E14000939,South Holland and The Deepings,1282,768,657,1218,1196,696,546,273
E92000001,921,England,E14000940,South Leicestershire,969,715,577,947,938,582,183,117
E92000001,921,England,E14000941,South Norfolk,946,682,578,919,906,597,505,277
E92000001,921,England,E14000942,South Northamptonshire,1363,999,882,1334,1308,914,537,303
E92000001,921,England,E14000943,South Ribble,1376,1017,917,1318,1309,957,630,403
E92000001,921,England,E14000944,South Shields,943,649,557,909,895,576,370,214
E92000001,921,England,E14000945,South Staffordshire,927,604,488,866,850,501,240,146
E92000001,921,England,E14000946,South Suffolk,905,590,494,883,870,511,267,155
E92000001,921,England,E14000947,South Swindon,1164,745,633,1139,1116,663,479,257
E92000001,921,England,E14000948,South Thanet,1423,830,669,1312,1239,689,579,350
E92000001,921,England,E14000949,South West Bedfordshire,881,533,484,803,788,523,353,172
E92000001,921,England,E14000950,South West Devon,1131,749,632,1098,1083,658,507,270
E92000001,921,England,E14000951,South West Hertfordshire,1033,843,778,1012,1001,806,544,360
E92000001,921,England,E14000952,South West Norfolk,812,462,409,778,753,437,173,97
E92000001,921,England,E14000953,South West Surrey,1099,810,742,1045,1030,776,539,364
E92000001,921,England,E14000954,South West Wiltshire,1031,707,611,979,967,621,345,262
E92000001,921,England,E14000955,"Southampton, Itchen",895,518,426,831,798,440,330,148
E92000001,921,England,E14000956,"Southampton, Test",761,486,413,733,720,429,332,192
E92000001,921,England,E14000957,Southend West,1196,891,841,1122,1104,853,584,490
E92000001,921,England,E14000958,Southport,833,618,496,802,791,500,385,245
E92000001,921,England,E14000959,Spelthorne,1055,767,673,1027,1012,682,424,245
E92000001,921,England,E14000960,St Albans,1353,1053,948,1312,1287,970,889,626
E92000001,921,England,E14000961,St Austell and Newquay,1138,682,591,1075,1058,635,431,201
E92000001,921,England,E14000962,St Helens North,1149,711,602,1029,1012,634,360,213
E92000001,921,England,E14000963,St Helens South and Whiston,891,607,498,859,820,499,287,211
E92000001,921,England,E14000964,St Ives,865,619,550,845,823,573,284,165
E92000001,921,England,E14000965,Stafford,1117,756,664,1077,1068,695,398,256
E92000001,921,England,E14000966,Staffordshire Moorlands,803,545,482,765,755,499,392,245
E92000001,921,England,E14000967,Stalybridge and Hyde,1066,685,583,1009,975,620,358,188
E92000001,921,England,E14000968,Stevenage,1119,671,589,1004,960,616,411,262
E92000001,921,England,E14000969,Stockport,559,368,291,533,504,296,193,121
E92000001,921,England,E14000970,Stockton North,588,372,331,526,494,351,159,112
E92000001,921,England,E14000971,Stockton South,1541,1113,932,1475,1438,956,647,434
E92000001,921,England,E14000972,Stoke-on-Trent Central,512,300,271,475,455,286,88,70
E92000001,921,England,E14000973,Stoke-on-Trent North,1164,681,552,1104,1073,574,264,144
E92000001,921,England,E14000974,Stoke-on-Trent South,898,480,411,799,773,428,292,148
E92000001,921,England,E14000975,Stone,812,593,521,774,764,535,404,270
E92000001,921,England,E14000976,Stourbridge,830,539,466,805,775,477,265,171
E92000001,921,England,E14000977,Stratford-on-Avon,1173,878,812,1108,1095,836,480,344
E92000001,921,England,E14000978,Streatham,679,521,477,656,643,493,338,230
E92000001,921,England,E14000979,Stretford and Urmston,1034,690,599,976,947,617,265,190
E92000001,921,England,E14000980,Stroud,941,672,596,892,875,613,368,277
E92000001,921,England,E14000981,Suffolk Coastal,741,445,385,696,668,405,202,136
E92000001,921,England,E14000982,Sunderland Central,956,663,545,926,888,552,458,250
E92000001,921,England,E14000983,Surrey Heath,1040,770,674,992,979,690,424,311
E92000001,921,England,E14000984,Sutton and Cheam,1095,859,698,1065,1029,704,458,357
E92000001,921,England,E14000985,Sutton Coldfield,1257,1007,910,1250,1236,927,777,537
E92000001,921,England,E14000986,Tamworth,845,511,432,793,773,448,241,123
E92000001,921,England,E14000987,Tatton,617,434,377,587,576,385,241,171
E92000001,921,England,E14000988,Taunton Deane,1143,808,714,1085,1050,735,440,265
E92000001,921,England,E14000989,Telford,1023,577,493,935,914,522,405,236
E92000001,921,England,E14000990,Tewkesbury,1197,794,679,1098,1066,708,279,199
E92000001,921,England,E14000991,The Cotswolds,1216,925,829,1192,1172,850,559,416
E92000001,921,England,E14000992,The Wrekin,1188,818,699,1155,1134,714,483,301
E92000001,921,England,E14000993,Thirsk and Malton,1021,693,622,969,959,658,441,266
E92000001,921,England,E14000994,Thornbury and Yate,885,575,498,821,810,524,391,242
E92000001,921,England,E14000995,Thurrock,1181,727,627,1095,1050,652,410,246
E92000001,921,England,E14000996,Tiverton and Honiton,995,709,635,971,948,652,401,255
E92000001,921,England,E14000997,Tonbridge and Malling,1238,892,833,1180,1157,871,491,340
E92000001,921,England,E14000998,Tooting,893,626,564,826,807,584,544,343
E92000001,921,England,E14000999,Torbay,941,576,525,823,807,589,315,261
E92000001,921,England,E14001000,Torridge and West Devon,778,487,418,735,712,436,307,176
E92000001,921,England,E14001001,Totnes,1105,762,675,1065,1041,699,427,277
E92000001,921,England,E14001002,Tottenham,639,359,278,567,546,291,172,105
E92000001,921,England,E14001003,Truro and Falmouth,1018,692,613,976,965,647,350,236
E92000001,921,England,E14001004,Tunbridge Wells,1200,968,886,1148,1129,904,728,549
E92000001,921,England,E14001005,Twickenham,929,667,588,870,854,598,487,363
E92000001,921,England,E14001006,Tynemouth,1220,939,822,1177,1164,839,471,368
E92000001,921,England,E14001007,Uxbridge and South Ruislip,1278,786,668,1176,1136,702,581,333
E92000001,921,England,E14001008,Vauxhall,583,374,291,555,521,307,356,130
E92000001,921,England,E14001009,Wakefield,805,537,484,734,728,501,311,175
E92000001,921,England,E14001010,Wallasey,868,502,406,800,765,422,163,119
E92000001,921,England,E14001011,Walsall North,808,385,313,703,664,324,224,132
E92000001,921,England,E14001012,Walsall South,1034,639,581,965,942,605,392,288
E92000001,921,England,E14001013,Walthamstow,1117,749,642,1061,1023,662,404,261
E92000001,921,England,E14001014,Wansbeck,1190,760,664,1084,1060,690,336,220
E92000001,921,England,E14001015,Wantage,1085,786,717,1047,1027,762,590,339
E92000001,921,England,E14001016,Warley,1297,766,627,1229,1196,663,438,226
E92000001,921,England,E14001017,Warrington North,746,456,392,691,671,414,282,173
E92000001,921,England,E14001018,Warrington South,1690,1154,1033,1622,1598,1094,871,538
E92000001,921,England,E14001019,Warwick and Leamington,662,465,395,625,615,402,289,184
E92000001,921,England,E14001020,Washington and Sunderland West,1157,677,582,1085,1050,612,317,164
E92000001,921,England,E14001021,Watford,1125,857,746,1065,997,768,460,344
E92000001,921,England,E14001022,Waveney,1150,610,510,1065,1034,553,225,108
E92000001,921,England,E14001023,Wealden,862,593,532,824,811,562,320,197
E92000001,921,England,E14001024,Weaver Vale,1156,909,810,1110,1093,827,580,426
E92000001,921,England,E14001025,Wellingborough,1184,645,520,1108,1077,552,393,201
E92000001,921,England,E14001026,Wells,1210,883,725,1161,1103,740,452,303
E92000001,921,England,E14001027,Welwyn Hatfield,899,608,524,866,850,545,359,259
E92000001,921,England,E14001028,Wentworth and Dearne,1031,580,503,979,961,539,270,170
E92000001,921,England,E14001029,West Bromwich East,776,413,358,713,684,381,245,100
E92000001,921,England,E14001030,West Bromwich West,975,547,441,935,888,475,193,132
E92000001,921,England,E14001031,West Dorset,1388,1032,897,1336,1306,929,835,521
E92000001,921,England,E14001032,West Ham,2094,1422,1196,1994,1912,1230,938,517
E92000001,921,England,E14001033,West Lancashire,1092,743,625,1026,996,643,528,315
E92000001,921,England,E14001034,West Suffolk,696,458,372,677,661,383,227,148
E92000001,921,England,E14001035,West Worcestershire,983,767,690,963,958,698,462,329
E92000001,921,England,E14001036,Westminster North,875,640,573,852,837,590,391,233
E92000001,921,England,E14001037,Westmorland and Lonsdale,1019,717,620,981,968,640,445,267
E92000001,921,England,E14001038,Weston-Super-Mare,1093,697,582,1003,968,602,277,159
E92000001,921,England,E14001039,Wigan,1119,743,614,1075,1037,637,310,201
E92000001,921,England,E14001040,Wimbledon,1052,826,717,1027,1006,731,543,420
E92000001,921,England,E14001041,Winchester,1455,1180,1083,1384,1370,1103,785,605
E92000001,921,England,E14001042,Windsor,744,551,498,704,691,516,323,235
E92000001,921,England,E14001043,Wirral South,866,651,573,827,820,594,407,332
E92000001,921,England,E14001044,Wirral West,1099,909,789,1055,1041,796,654,479
E92000001,921,England,E14001045,Witham,881,618,532,849,806,551,279,160
E92000001,921,England,E14001046,Witney,1226,871,749,1157,1133,765,521,353
E92000001,921,England,E14001047,Woking,869,647,578,829,808,593,466,306
E92000001,921,England,E14001048,Wokingham,1229,936,822,1199,1181,844,633,461
E92000001,921,England,E14001049,Wolverhampton North East,1081,610,491,966,948,528,236,114
E92000001,921,England,E14001050,Wolverhampton South East,891,479,399,815,790,419,236,97
E92000001,921,England,E14001051,Wolverhampton South West,983,679,599,905,848,611,418,284
E92000001,921,England,E14001052,Worcester,1020,686,595,950,924,618,373,235
E92000001,921,England,E14001053,Workington,750,456,389,718,699,412,328,200
E92000001,921,England,E14001054,Worsley and Eccles South,837,492,388,784,688,405,294,163
E92000001,921,England,E14001055,Worthing West,501,349,312,462,456,322,76,52
E92000001,921,England,E14001056,Wycombe,1064,848,795,1035,1016,804,368,329
E92000001,921,England,E14001057,Wyre and Preston North,1474,1087,955,1421,1402,974,528,386
E92000001,921,England,E14001058,Wyre Forest,936,587,491,879,842,507,240,160
E92000001,921,England,E14001059,Wythenshawe and Sale East,855,541,472,781,759,493,335,222
E92000001,921,England,E14001060,Yeovil,1087,694,584,1044,1019,621,331,168
E92000001,921,England,E14001061,York Central,727,491,411,690,678,426,392,207
E92000001,921,England,E14001062,York Outer,991,770,683,969,955,688,542,345
